departamento;matricula;porcentaje;porcentaje_acumulado
Bogotá D.C.;833565;34,05;34,05
Antioquia;320357;13,09;47,13
Valle del Cauca;170683;6,97;54,1
Atlántico;129167;5,28;59,38
Santander;122968;5,02;64,4
Cundinamarca;81933;3,35;67,75
Bolívar;76002;3,1;70,85
Norte de Santander;71972;2,94;73,79
Boyacá;68786;2,81;76,6
Tolima;50322;2,06;78,66
Risaralda;48370;1,98;80,63
Cauca;47561;1,94;82,58
Caldas;46471;1,9;84,47
Nariño;45660;1,86;86,34
Huila;43475;1,78;88,11
Magdalena;42903;1,75;89,87
Córdoba;42653;1,74;91,61
Cesar;40303;1,65;93,26
Meta;36145;1,48;94,73
Sucre;26415;1,08;95,81
Quindío;26114;1,07;96,88
La Guajira;20665;0,84;97,72
Chocó;17343;0,71;98,43
Caquetá;13672;0,56;98,99
Casanare;10110;0,41;99,4
Putumayo;6363;0,26;99,66
Guaviare;2263;0,09;99,75
Arauca;2110;0,09;99,84
San Andrés, Providencia y Santa Catalina;1512;0,06;99,9
Amazonas;760;0,03;99,93
Vichada;745;0,03;99,96
Guainía;691;0,03;99,99
Vaupés;212;0,01;100,0
