puesto;municipio;departamento;matricula;porcentaje;porcentaje_acumulado
1;Bogotá D.C.;Bogotá D.C.;833565;34,05;34,05
2;Medellín;Antioquia;249995;10,21;44,26
3;Cali;Valle del Cauca;126941;5,18;49,44
4;Barranquilla;Atlántico;122887;5,02;54,46
5;Bucaramanga;Santander;97140;3,97;58,43
6;Cartagena de Indias;Bolívar;71733;2,93;61,36
7;Pereira;Risaralda;44853;1,83;63,19
8;Tunja;Boyacá;42598;1,74;64,93
9;San José de Cúcuta;Norte de Santander;42220;1,72;66,66
10;Manizales;Caldas;41893;1,71;68,37
11;Popayán;Cauca;41129;1,68;70,05
12;Santa Marta;Magdalena;40062;1,64;71,68
13;Pasto;Nariño;39648;1,62;73,3
14;Ibagué;Tolima;38463;1,57;74,87
15;Montería;Córdoba;36624;1,5;76,37
16;Valledupar;Cesar;33703;1,38;77,75
17;Villavicencio;Meta;30378;1,24;78,99
18;Neiva;Huila;29500;1,2;80,19
19;Armenia;Quindío;26036;1,06;81,26
20;Sincelejo;Sucre;23702;0,97;82,22
