departamento;matricula;Técnica profesional;Tecnológica;Universitaria;Especialización;Maestría;Doctorado;posgrado
Bogotá D.C.;833565;3,52;30,48;55,22;6,74;3,76;0,29;10,78
Antioquia;320357;1,15;27,97;64,61;3,47;2,33;0,47;6,27
Valle del Cauca;170683;4,33;21,35;67,39;3,65;2,79;0,49;6,93
Atlántico;129167;6,1;17,53;71,01;3,29;1,77;0,3;5,36
Santander;122968;1,27;28,49;56,67;6,81;6,61;0,16;13,57
Cundinamarca;81933;2,39;32,14;61,21;2,47;1,69;0,11;4,27
Bolívar;76002;2,14;31,05;59,78;2,13;4,77;0,12;7,02
Norte de Santander;71972;0,41;18,48;77,04;2,15;1,85;0,08;4,08
Boyacá;68786;3,93;19,03;69,11;4,99;2,71;0,22;7,92
Tolima;50322;6,29;25,34;66,22;1,71;0,44;0,0;2,15
Nacional;2448271;3,03;25,23;64,05;4,43;2,97;0,28;7,69
